{"directed": false, "graph": [], "nodes": [{"id": "http://en.wikipedia.org/wiki/cow"}, {"id": "http://en.wikipedia.org/wiki/palate"}, {"id": "http://en.wikipedia.org/wiki/life"}, {"id": "http://en.wikipedia.org/wiki/kitten"}, {"type": "dij", "dist": 3, "id": "http://en.wikipedia.org/wiki/pregnancy"}, {"id": "http://en.wikipedia.org/wiki/agroforestry"}, {"id": "http://en.wikipedia.org/wiki/jaundice"}, {"id": "http://en.wikipedia.org/wiki/obesity"}, {"id": "http://en.wikipedia.org/wiki/microbe"}, {"id": "http://en.wikipedia.org/wiki/extispicy"}, {"id": "http://en.wikipedia.org/wiki/nutritionist"}, {"id": "http://en.wikipedia.org/wiki/zygomycota"}, {"id": "http://en.wikipedia.org/wiki/ascomycota"}, {"id": "http://en.wikipedia.org/wiki/osteoporosis"}, {"id": "http://en.wikipedia.org/wiki/paleogene"}, {"id": "http://en.wikipedia.org/wiki/tuberculosis"}, {"dist": 1, "id": "http://en.wikipedia.org/wiki/herb"}, {"id": "http://en.wikipedia.org/wiki/kwashiorkor"}, {"id": "http://en.wikipedia.org/wiki/scallion"}, {"id": "http://en.wikipedia.org/wiki/farm"}, {"id": "http://en.wikipedia.org/wiki/deuteromycota"}, {"id": "http://en.wikipedia.org/wiki/france"}, {"id": "http://en.wikipedia.org/wiki/force"}, {"id": "http://en.wikipedia.org/wiki/snake"}, {"id": "http://en.wikipedia.org/wiki/paratope"}, {"dist": 2, "id": "http://en.wikipedia.org/wiki/diseases"}, {"id": "http://en.wikipedia.org/wiki/microorganism"}, {"id": "http://en.wikipedia.org/wiki/dietitian"}, {"id": "http://en.wikipedia.org/wiki/prolactin"}, {"id": "http://en.wikipedia.org/wiki/rheology"}, {"dist": 1, "id": "http://en.wikipedia.org/wiki/cattle"}, {"id": "http://en.wikipedia.org/wiki/death"}, {"dist": 2, "id": "http://en.wikipedia.org/wiki/agriculture"}, {"id": "http://en.wikipedia.org/wiki/hyphae"}, {"id": "http://en.wikipedia.org/wiki/leaf"}, {"id": "http://en.wikipedia.org/wiki/palatability"}, {"id": "http://en.wikipedia.org/wiki/whey"}, {"id": "http://en.wikipedia.org/wiki/brittle"}, {"dist": 1, "id": "http://en.wikipedia.org/wiki/casein"}, {"id": "http://en.wikipedia.org/wiki/phosphorus"}, {"id": "http://en.wikipedia.org/wiki/fat"}, {"id": "http://en.wikipedia.org/wiki/fruit"}, {"id": "http://en.wikipedia.org/wiki/pathogenic"}, {"id": "http://en.wikipedia.org/wiki/esophagus"}, {"id": "http://en.wikipedia.org/wiki/agronomy"}, {"id": "http://en.wikipedia.org/wiki/metabolism"}, {"id": "http://en.wikipedia.org/wiki/triassic"}, {"id": "http://en.wikipedia.org/wiki/botany"}, {"id": "http://en.wikipedia.org/wiki/root"}, {"id": "http://en.wikipedia.org/wiki/aquaponics"}, {"id": "http://en.wikipedia.org/wiki/triglyceride"}, {"id": "http://en.wikipedia.org/wiki/bark"}, {"id": "http://en.wikipedia.org/wiki/camel"}, {"type": "dij", "dist": 2, "id": "http://en.wikipedia.org/wiki/colostrum"}, {"id": "http://en.wikipedia.org/wiki/carboniferous"}, {"id": "http://en.wikipedia.org/wiki/eutheria"}, {"id": "http://en.wikipedia.org/wiki/switzerland"}, {"id": "http://en.wikipedia.org/wiki/syndrome"}, {"id": "http://en.wikipedia.org/wiki/foods"}, {"dist": 1, "id": "http://en.wikipedia.org/wiki/mold"}, {"id": "http://en.wikipedia.org/wiki/ethanol"}, {"id": "http://en.wikipedia.org/wiki/sheep"}, {"id": "http://en.wikipedia.org/wiki/phylogeny"}, {"id": "http://en.wikipedia.org/wiki/orchard"}, {"id": "http://en.wikipedia.org/wiki/udder"}, {"id": "http://en.wikipedia.org/wiki/yeast"}, {"id": "http://en.wikipedia.org/wiki/fungi"}, {"id": "http://en.wikipedia.org/wiki/wine"}, {"id": "http://en.wikipedia.org/wiki/spider"}, {"id": "http://en.wikipedia.org/wiki/calcium"}, {"dist": 1, "id": "http://en.wikipedia.org/wiki/mouthfeel"}, {"id": "http://en.wikipedia.org/wiki/horse"}, {"dist": 2, "id": "http://en.wikipedia.org/wiki/lactation"}, {"id": "http://en.wikipedia.org/wiki/butter"}, {"id": "http://en.wikipedia.org/wiki/water"}, {"id": "http://en.wikipedia.org/wiki/aftertaste"}, {"id": "http://en.wikipedia.org/wiki/injury"}, {"id": "http://en.wikipedia.org/wiki/basil"}, {"id": "http://en.wikipedia.org/wiki/artiodactyla"}, {"id": "http://en.wikipedia.org/wiki/theria"}, {"id": "http://en.wikipedia.org/wiki/spice"}, {"id": "http://en.wikipedia.org/wiki/organism"}, {"id": "http://en.wikipedia.org/wiki/reindeer"}, {"id": "http://en.wikipedia.org/wiki/cowbell"}, {"id": "http://en.wikipedia.org/wiki/disability"}, {"id": "http://en.wikipedia.org/wiki/pet"}, {"dist": 1, "id": "http://en.wikipedia.org/wiki/butterfat"}, {"id": "http://en.wikipedia.org/wiki/smen"}, {"id": "http://en.wikipedia.org/wiki/protease"}, {"id": "http://en.wikipedia.org/wiki/cretaceous"}, {"id": "http://en.wikipedia.org/wiki/caprinae"}, {"id": "http://en.wikipedia.org/wiki/behavior"}, {"dist": 0, "type": "home", "id": "http://en.wikipedia.org/wiki/cheese"}, {"id": "http://en.wikipedia.org/wiki/europe"}, {"id": "http://en.wikipedia.org/wiki/enzyme"}, {"id": "http://en.wikipedia.org/wiki/permian"}, {"id": "http://en.wikipedia.org/wiki/bovidae"}, {"id": "http://en.wikipedia.org/wiki/reinette"}, {"id": "http://en.wikipedia.org/wiki/lymphocytes"}, {"id": "http://en.wikipedia.org/wiki/conidia"}, {"dist": 2, "id": "http://en.wikipedia.org/wiki/nutrition"}, {"id": "http://en.wikipedia.org/wiki/ghee"}, {"id": "http://en.wikipedia.org/wiki/micelle"}, {"id": "http://en.wikipedia.org/wiki/beer"}, {"id": "http://en.wikipedia.org/wiki/precambrian"}, {"id": "http://en.wikipedia.org/wiki/food"}, {"id": "http://en.wikipedia.org/wiki/epitope"}, {"id": "http://en.wikipedia.org/wiki/scurvy"}, {"id": "http://en.wikipedia.org/wiki/aquaculture"}, {"id": "http://en.wikipedia.org/wiki/diabetes"}, {"id": "http://en.wikipedia.org/wiki/jurassic"}, {"id": "http://en.wikipedia.org/wiki/bovid"}, {"id": "http://en.wikipedia.org/wiki/pepsin"}, {"id": "http://en.wikipedia.org/wiki/flower"}, {"id": "http://en.wikipedia.org/wiki/antibodies"}, {"id": "http://en.wikipedia.org/wiki/antigen"}, {"id": "http://en.wikipedia.org/wiki/carbohydrates"}, {"id": "http://en.wikipedia.org/wiki/meconium"}, {"id": "http://en.wikipedia.org/wiki/symptom"}, {"id": "http://en.wikipedia.org/wiki/species"}, {"id": "http://en.wikipedia.org/wiki/proline"}, {"dist": 1, "id": "http://en.wikipedia.org/wiki/goat"}, {"id": "http://en.wikipedia.org/wiki/peach"}, {"id": "http://en.wikipedia.org/wiki/pathogen"}, {"id": "http://en.wikipedia.org/wiki/bos"}, {"id": "http://en.wikipedia.org/wiki/england"}, {"dist": 2, "id": "http://en.wikipedia.org/wiki/antibody"}, {"dist": 2, "id": "http://en.wikipedia.org/wiki/braunvieh"}, {"id": "http://en.wikipedia.org/wiki/latin"}, {"id": "http://en.wikipedia.org/wiki/resin"}, {"id": "http://en.wikipedia.org/wiki/secretion"}, {"dist": 2, "id": "http://en.wikipedia.org/wiki/milking"}, {"id": "http://en.wikipedia.org/wiki/protein"}, {"id": "http://en.wikipedia.org/wiki/mucus"}, {"id": "http://en.wikipedia.org/wiki/mother"}, {"id": "http://en.wikipedia.org/wiki/proteolysis"}, {"id": "http://en.wikipedia.org/wiki/claustrum"}, {"id": "http://en.wikipedia.org/wiki/ordovician"}, {"id": "http://en.wikipedia.org/wiki/cambrian"}, {"dist": 2, "id": "http://en.wikipedia.org/wiki/mammal"}, {"id": "http://en.wikipedia.org/wiki/infection"}, {"id": "http://en.wikipedia.org/wiki/devonian"}, {"id": "http://en.wikipedia.org/wiki/trinomen"}, {"id": "http://en.wikipedia.org/wiki/pain"}, {"id": "http://en.wikipedia.org/wiki/swallowing"}, {"id": "http://en.wikipedia.org/wiki/chordate"}, {"id": "http://en.wikipedia.org/wiki/cream"}, {"id": "http://en.wikipedia.org/wiki/virus"}, {"id": "http://en.wikipedia.org/wiki/iga"}, {"id": "http://en.wikipedia.org/wiki/catabolism"}, {"id": "http://en.wikipedia.org/wiki/dessert"}, {"id": "http://en.wikipedia.org/wiki/igg"}, {"id": "http://en.wikipedia.org/wiki/proteolytic"}, {"id": "http://en.wikipedia.org/wiki/stomach"}, {"id": "http://en.wikipedia.org/wiki/lurpak"}, {"id": "http://en.wikipedia.org/wiki/galactorrhea"}, {"id": "http://en.wikipedia.org/wiki/curd"}, {"id": "http://en.wikipedia.org/wiki/domesticated"}, {"id": "http://en.wikipedia.org/wiki/blood"}, {"id": "http://en.wikipedia.org/wiki/glycoprotein"}, {"id": "http://en.wikipedia.org/wiki/bacterium"}, {"id": "http://en.wikipedia.org/wiki/silurian"}, {"type": "dij", "dist": 1, "id": "http://en.wikipedia.org/wiki/milk"}, {"id": "http://en.wikipedia.org/wiki/animal"}, {"id": "http://en.wikipedia.org/wiki/oxytocin"}, {"id": "http://en.wikipedia.org/wiki/chemical"}, {"id": "http://en.wikipedia.org/wiki/phosphoprotein"}, {"id": "http://en.wikipedia.org/wiki/breastfeeding"}, {"id": "http://en.wikipedia.org/wiki/platypus"}, {"id": "http://en.wikipedia.org/wiki/peristalsis"}, {"id": "http://en.wikipedia.org/wiki/agribusiness"}, {"id": "http://en.wikipedia.org/wiki/laxative"}, {"id": "http://en.wikipedia.org/wiki/bilirubin"}, {"id": "http://en.wikipedia.org/wiki/arbois"}, {"id": "http://en.wikipedia.org/wiki/mastication"}, {"id": "http://en.wikipedia.org/wiki/vise"}, {"id": "http://en.wikipedia.org/wiki/grazing"}, {"id": "http://en.wikipedia.org/wiki/clementine"}, {"id": "http://en.wikipedia.org/wiki/hydrophobic"}, {"id": "http://en.wikipedia.org/wiki/gene"}, {"id": "http://en.wikipedia.org/wiki/nipples"}, {"id": "http://en.wikipedia.org/wiki/chymosin"}, {"id": "http://en.wikipedia.org/wiki/bovinae"}, {"id": "http://en.wikipedia.org/wiki/magnapop"}, {"dist": 1, "id": "http://en.wikipedia.org/wiki/pasteurization"}, {"id": "http://en.wikipedia.org/wiki/pig"}, {"id": "http://en.wikipedia.org/wiki/livestock"}, {"dist": 1, "id": "http://en.wikipedia.org/wiki/rennet"}, {"id": "http://en.wikipedia.org/wiki/crispiness"}, {"id": "http://en.wikipedia.org/wiki/saliva"}, {"dist": 2, "id": "http://en.wikipedia.org/wiki/digestion"}, {"id": "http://en.wikipedia.org/wiki/seed"}, {"id": "http://en.wikipedia.org/wiki/energy"}, {"id": "http://en.wikipedia.org/wiki/permaculture"}, {"id": "http://en.wikipedia.org/wiki/gelbvieh"}, {"id": "http://en.wikipedia.org/wiki/hydroponics"}, {"id": "http://en.wikipedia.org/wiki/donkey"}, {"id": "http://en.wikipedia.org/wiki/curds"}], "links": [{"source": 0, "type": "fib", "target": 38}, {"source": 1, "type": "fib", "target": 70}, {"source": 2, "type": "fib", "target": 100}, {"source": 3, "type": "fib", "target": 72}, {"source": 4, "type": "dij", "target": 53}, {"source": 5, "type": "fib", "target": 32}, {"source": 6, "type": "fib", "target": 53}, {"source": 7, "type": "fib", "target": 100}, {"source": 8, "type": "fib", "target": 126}, {"source": 8, "type": "fib", "target": 184}, {"source": 9, "type": "fib", "target": 190}, {"source": 10, "type": "fib", "target": 100}, {"source": 11, "type": "fib", "target": 59}, {"source": 12, "type": "fib", "target": 59}, {"source": 13, "type": "fib", "target": 100}, {"source": 14, "type": "fib", "target": 139}, {"source": 15, "type": "fib", "target": 25}, {"source": 16, "type": "fib", "target": 92}, {"source": 16, "type": "fib", "target": 77}, {"source": 16, "type": "fib", "target": 41}, {"source": 16, "type": "fib", "target": 80}, {"source": 16, "type": "fib", "target": 191}, {"source": 16, "type": "fib", "target": 18}, {"source": 16, "type": "fib", "target": 47}, {"source": 16, "type": "fib", "target": 113}, {"source": 16, "type": "fib", "target": 51}, {"source": 16, "type": "fib", "target": 48}, {"source": 16, "type": "fib", "target": 34}, {"source": 16, "type": "fib", "target": 129}, {"source": 17, "type": "fib", "target": 100}, {"source": 19, "type": "fib", "target": 32}, {"source": 20, "type": "fib", "target": 59}, {"source": 21, "type": "fib", "target": 184}, {"source": 22, "type": "fib", "target": 70}, {"source": 23, "type": "fib", "target": 131}, {"source": 24, "type": "fib", "target": 126}, {"source": 25, "type": "fib", "target": 118}, {"source": 25, "type": "fib", "target": 76}, {"source": 25, "type": "fib", "target": 42}, {"source": 25, "type": "fib", "target": 162}, {"source": 25, "type": "fib", "target": 57}, {"source": 25, "type": "fib", "target": 81}, {"source": 25, "type": "fib", "target": 91}, {"source": 25, "type": "fib", "target": 84}, {"source": 25, "type": "fib", "target": 31}, {"source": 25, "type": "fib", "target": 143}, {"source": 25, "type": "fib", "target": 140}, {"source": 26, "type": "fib", "target": 59}, {"source": 27, "type": "fib", "target": 100}, {"source": 28, "type": "fib", "target": 72}, {"source": 29, "type": "fib", "target": 70}, {"source": 30, "type": "fib", "target": 139}, {"source": 30, "type": "fib", "target": 124}, {"source": 30, "type": "fib", "target": 145}, {"source": 30, "type": "fib", "target": 78}, {"source": 30, "type": "fib", "target": 79}, {"source": 30, "type": "fib", "target": 55}, {"source": 30, "type": "fib", "target": 162}, {"source": 30, "type": "fib", "target": 127}, {"source": 30, "type": "fib", "target": 163}, {"source": 30, "type": "fib", "target": 92}, {"source": 30, "type": "fib", "target": 83}, {"source": 30, "type": "fib", "target": 96}, {"source": 30, "type": "fib", "target": 182}, {"source": 30, "type": "fib", "target": 131}, {"source": 32, "type": "fib", "target": 186}, {"source": 32, "type": "fib", "target": 195}, {"source": 32, "type": "fib", "target": 162}, {"source": 32, "type": "fib", "target": 176}, {"source": 32, "type": "fib", "target": 44}, {"source": 32, "type": "fib", "target": 108}, {"source": 32, "type": "fib", "target": 193}, {"source": 32, "type": "fib", "target": 63}, {"source": 32, "type": "fib", "target": 170}, {"source": 32, "type": "fib", "target": 49}, {"source": 33, "type": "fib", "target": 59}, {"source": 35, "type": "fib", "target": 100}, {"source": 36, "type": "fib", "target": 187}, {"source": 37, "type": "fib", "target": 70}, {"source": 38, "type": "fib", "target": 120}, {"source": 38, "type": "fib", "target": 39}, {"source": 38, "type": "fib", "target": 116}, {"source": 38, "type": "fib", "target": 162}, {"source": 38, "type": "fib", "target": 69}, {"source": 38, "type": "fib", "target": 92}, {"source": 38, "type": "fib", "target": 178}, {"source": 38, "type": "fib", "target": 102}, {"source": 38, "type": "fib", "target": 128}, {"source": 38, "type": "fib", "target": 166}, {"source": 38, "type": "fib", "target": 74}, {"source": 40, "type": "fib", "target": 86}, {"source": 43, "type": "fib", "target": 190}, {"source": 45, "type": "fib", "target": 100}, {"source": 46, "type": "fib", "target": 139}, {"source": 50, "type": "fib", "target": 86}, {"source": 52, "type": "fib", "target": 131}, {"source": 53, "type": "fib", "target": 172}, {"source": 53, "type": "fib", "target": 151}, {"source": 53, "type": "fib", "target": 136}, {"source": 53, "type": "fib", "target": 148}, {"source": 53, "type": "dij", "target": 162}, {"source": 53, "type": "fib", "target": 98}, {"source": 53, "type": "fib", "target": 114}, {"source": 53, "type": "fib", "target": 117}, {"source": 53, "type": "fib", "target": 171}, {"source": 54, "type": "fib", "target": 139}, {"source": 56, "type": "fib", "target": 127}, {"source": 58, "type": "fib", "target": 184}, {"source": 59, "type": "fib", "target": 66}, {"source": 59, "type": "fib", "target": 177}, {"source": 59, "type": "fib", "target": 92}, {"source": 59, "type": "fib", "target": 99}, {"source": 59, "type": "fib", "target": 62}, {"source": 59, "type": "fib", "target": 65}, {"source": 59, "type": "fib", "target": 122}, {"source": 60, "type": "fib", "target": 184}, {"source": 61, "type": "fib", "target": 121}, {"source": 61, "type": "fib", "target": 131}, {"source": 64, "type": "fib", "target": 131}, {"source": 67, "type": "fib", "target": 184}, {"source": 68, "type": "fib", "target": 131}, {"source": 70, "type": "fib", "target": 144}, {"source": 70, "type": "fib", "target": 75}, {"source": 70, "type": "fib", "target": 188}, {"source": 70, "type": "fib", "target": 92}, {"source": 70, "type": "fib", "target": 165}, {"source": 70, "type": "fib", "target": 192}, {"source": 70, "type": "fib", "target": 174}, {"source": 70, "type": "fib", "target": 183}, {"source": 71, "type": "fib", "target": 131}, {"source": 72, "type": "fib", "target": 185}, {"source": 72, "type": "fib", "target": 119}, {"source": 72, "type": "fib", "target": 155}, {"source": 72, "type": "fib", "target": 134}, {"source": 72, "type": "fib", "target": 162}, {"source": 72, "type": "fib", "target": 180}, {"source": 72, "type": "fib", "target": 164}, {"source": 72, "type": "fib", "target": 167}, {"source": 72, "type": "fib", "target": 168}, {"source": 73, "type": "fib", "target": 86}, {"source": 81, "type": "fib", "target": 100}, {"source": 82, "type": "fib", "target": 131}, {"source": 85, "type": "fib", "target": 121}, {"source": 86, "type": "fib", "target": 87}, {"source": 86, "type": "fib", "target": 146}, {"source": 86, "type": "fib", "target": 162}, {"source": 86, "type": "fib", "target": 150}, {"source": 86, "type": "fib", "target": 92}, {"source": 86, "type": "fib", "target": 154}, {"source": 86, "type": "fib", "target": 101}, {"source": 86, "type": "fib", "target": 156}, {"source": 88, "type": "fib", "target": 187}, {"source": 89, "type": "fib", "target": 139}, {"source": 90, "type": "fib", "target": 121}, {"source": 92, "type": "fib", "target": 105}, {"source": 92, "type": "fib", "target": 121}, {"source": 92, "type": "fib", "target": 187}, {"source": 92, "type": "dij", "target": 162}, {"source": 92, "type": "fib", "target": 184}, {"source": 93, "type": "fib", "target": 127}, {"source": 94, "type": "fib", "target": 187}, {"source": 95, "type": "fib", "target": 139}, {"source": 96, "type": "fib", "target": 121}, {"source": 97, "type": "fib", "target": 187}, {"source": 100, "type": "fib", "target": 107}, {"source": 100, "type": "fib", "target": 162}, {"source": 100, "type": "fib", "target": 109}, {"source": 103, "type": "fib", "target": 184}, {"source": 104, "type": "fib", "target": 139}, {"source": 105, "type": "fib", "target": 190}, {"source": 105, "type": "fib", "target": 184}, {"source": 106, "type": "fib", "target": 126}, {"source": 110, "type": "fib", "target": 139}, {"source": 111, "type": "fib", "target": 121}, {"source": 112, "type": "fib", "target": 190}, {"source": 112, "type": "fib", "target": 187}, {"source": 115, "type": "fib", "target": 126}, {"source": 121, "type": "fib", "target": 145}, {"source": 121, "type": "fib", "target": 162}, {"source": 121, "type": "fib", "target": 131}, {"source": 121, "type": "fib", "target": 163}, {"source": 121, "type": "fib", "target": 139}, {"source": 121, "type": "fib", "target": 142}, {"source": 121, "type": "fib", "target": 157}, {"source": 123, "type": "fib", "target": 184}, {"source": 125, "type": "fib", "target": 184}, {"source": 126, "type": "fib", "target": 147}, {"source": 126, "type": "fib", "target": 130}, {"source": 126, "type": "fib", "target": 162}, {"source": 126, "type": "fib", "target": 159}, {"source": 126, "type": "fib", "target": 179}, {"source": 126, "type": "fib", "target": 160}, {"source": 126, "type": "fib", "target": 132}, {"source": 126, "type": "fib", "target": 158}, {"source": 127, "type": "fib", "target": 194}, {"source": 131, "type": "fib", "target": 162}, {"source": 131, "type": "fib", "target": 196}, {"source": 133, "type": "fib", "target": 190}, {"source": 135, "type": "fib", "target": 190}, {"source": 137, "type": "fib", "target": 139}, {"source": 138, "type": "fib", "target": 139}, {"source": 139, "type": "fib", "target": 161}, {"source": 139, "type": "fib", "target": 187}, {"source": 139, "type": "fib", "target": 162}, {"source": 139, "type": "fib", "target": 141}, {"source": 149, "type": "fib", "target": 190}, {"source": 152, "type": "fib", "target": 187}, {"source": 153, "type": "fib", "target": 190}, {"source": 153, "type": "fib", "target": 187}, {"source": 162, "type": "fib", "target": 190}, {"source": 162, "type": "fib", "target": 184}, {"source": 169, "type": "fib", "target": 190}, {"source": 173, "type": "fib", "target": 184}, {"source": 174, "type": "fib", "target": 190}, {"source": 175, "type": "fib", "target": 184}, {"source": 181, "type": "fib", "target": 187}, {"source": 187, "type": "fib", "target": 197}, {"source": 189, "type": "fib", "target": 190}], "multigraph": false}