{"directed": false, "graph": [], "nodes": [{"status": "finished", "dist": 2, "id": "http://en.wikipedia.org/wiki/diseases"}, {"id": "http://en.wikipedia.org/wiki/cow"}, {"type": "dij", "dist": 2, "id": "http://en.wikipedia.org/wiki/chordate"}, {"id": "http://en.wikipedia.org/wiki/bovidae"}, {"status": "finished", "dist": 2, "id": "http://en.wikipedia.org/wiki/human"}, {"status": "finished", "dist": 2, "id": "http://en.wikipedia.org/wiki/colostrum"}, {"status": "finished", "dist": 2, "id": "http://en.wikipedia.org/wiki/india"}, {"id": "http://en.wikipedia.org/wiki/phosphate"}, {"id": "http://en.wikipedia.org/wiki/carbohydrates"}, {"status": "finished", "dist": 2, "id": "http://en.wikipedia.org/wiki/dairy"}, {"id": "http://en.wikipedia.org/wiki/bos"}, {"id": "http://en.wikipedia.org/wiki/salt"}, {"status": "finished", "dist": 2, "id": "http://en.wikipedia.org/wiki/milking"}, {"status": "finished", "dist": 2, "id": "http://en.wikipedia.org/wiki/nutrition"}, {"id": "http://en.wikipedia.org/wiki/proline"}, {"status": "finished", "dist": 2, "id": "http://en.wikipedia.org/wiki/theria"}, {"id": "http://en.wikipedia.org/wiki/calcium"}, {"id": "http://en.wikipedia.org/wiki/peptone"}, {"status": "finished", "dist": 2, "id": "http://en.wikipedia.org/wiki/phosphoprotein"}, {"status": "finished", "dist": 2, "id": "http://en.wikipedia.org/wiki/anatolia"}, {"status": "finished", "dist": 2, "id": "http://en.wikipedia.org/wiki/russia"}, {"status": "finished", "dist": 2, "id": "http://en.wikipedia.org/wiki/animal"}, {"id": "http://en.wikipedia.org/wiki/domesticated"}, {"status": "finished", "dist": 2, "id": "http://en.wikipedia.org/wiki/ox"}, {"status": "finished", "dist": 0, "type": "home", "id": "http://en.wikipedia.org/wiki/cheese"}, {"status": "finished", "dist": 2, "id": "http://en.wikipedia.org/wiki/poverty"}, {"status": "finished", "dist": 2, "id": "http://en.wikipedia.org/wiki/digestion"}, {"status": "finished", "dist": 1, "id": "http://en.wikipedia.org/wiki/herb"}, {"status": "finished", "dist": 2, "id": "http://en.wikipedia.org/wiki/hydrophilic"}, {"status": "finished", "dist": 2, "id": "http://en.wikipedia.org/wiki/artiodactyla"}, {"status": "finished", "dist": 2, "id": "http://en.wikipedia.org/wiki/malnutrition"}, {"status": "finished", "dist": 1, "id": "http://en.wikipedia.org/wiki/milk"}, {"status": "finished", "dist": 2, "id": "http://en.wikipedia.org/wiki/offspring"}, {"status": "finished", "dist": 1, "id": "http://en.wikipedia.org/wiki/mouthfeel"}, {"status": "finished", "dist": 2, "id": "http://en.wikipedia.org/wiki/bovid"}, {"id": "http://en.wikipedia.org/wiki/ions"}, {"status": "finished", "dist": 2, "id": "http://en.wikipedia.org/wiki/lactation"}, {"id": "http://en.wikipedia.org/wiki/latin"}, {"status": "finished", "dist": 2, "id": "http://en.wikipedia.org/wiki/livestock"}, {"status": "finished", "dist": 2, "id": "http://en.wikipedia.org/wiki/mutton"}, {"id": "http://en.wikipedia.org/wiki/water"}, {"id": "http://en.wikipedia.org/wiki/trypsin"}, {"status": "finished", "dist": 2, "id": "http://en.wikipedia.org/wiki/sanskrit"}, {"status": "finished", "dist": 2, "id": "http://en.wikipedia.org/wiki/acetate"}, {"status": "finished", "dist": 2, "id": "http://en.wikipedia.org/wiki/sheep"}, {"status": "finished", "dist": 1, "id": "http://en.wikipedia.org/wiki/goat"}, {"status": "finished", "dist": 2, "id": "http://en.wikipedia.org/wiki/genus"}, {"status": "finished", "dist": 2, "id": "http://en.wikipedia.org/wiki/food"}, {"status": "finished", "dist": 2, "id": "http://en.wikipedia.org/wiki/australia"}, {"status": "finished", "dist": 2, "id": "http://en.wikipedia.org/wiki/jericho"}, {"status": "finished", "dist": 1, "id": "http://en.wikipedia.org/wiki/spice"}, {"status": "finished", "dist": 2, "id": "http://en.wikipedia.org/wiki/antibody"}, {"id": "http://en.wikipedia.org/wiki/braunvieh"}, {"status": "finished", "dist": 2, "id": "http://en.wikipedia.org/wiki/beef"}, {"id": "http://en.wikipedia.org/wiki/hydrophobic"}, {"status": "finished", "dist": 2, "id": "http://en.wikipedia.org/wiki/cowbell"}, {"status": "finished", "dist": 2, "id": "http://en.wikipedia.org/wiki/domestication"}, {"status": "finished", "type": "dij", "dist": 1, "id": "http://en.wikipedia.org/wiki/cattle"}, {"status": "finished", "dist": 2, "id": "http://en.wikipedia.org/wiki/pet"}, {"status": "finished", "dist": 2, "id": "http://en.wikipedia.org/wiki/subfamily"}, {"status": "finished", "dist": 1, "id": "http://en.wikipedia.org/wiki/butterfat"}, {"id": "http://en.wikipedia.org/wiki/oxalate"}, {"status": "finished", "dist": 2, "id": "http://en.wikipedia.org/wiki/agriculture"}, {"status": "finished", "dist": 2, "id": "http://en.wikipedia.org/wiki/iran"}, {"status": "finished", "dist": 1, "id": "http://en.wikipedia.org/wiki/pasteurization"}, {"id": "http://en.wikipedia.org/wiki/enzyme"}, {"status": "finished", "dist": 2, "id": "http://en.wikipedia.org/wiki/veal"}, {"id": "http://en.wikipedia.org/wiki/phosphorus"}, {"status": "finished", "dist": 1, "id": "http://en.wikipedia.org/wiki/casein"}, {"status": "finished", "dist": 1, "id": "http://en.wikipedia.org/wiki/rennet"}, {"status": "finished", "dist": 2, "id": "http://en.wikipedia.org/wiki/china"}, {"status": "finished", "dist": 2, "id": "http://en.wikipedia.org/wiki/caprinae"}, {"status": "finished", "dist": 1, "id": "http://en.wikipedia.org/wiki/mold"}, {"status": "finished", "dist": 2, "id": "http://en.wikipedia.org/wiki/ungulates"}, {"status": "finished", "dist": 2, "id": "http://en.wikipedia.org/wiki/castration"}, {"status": "finished", "dist": 2, "id": "http://en.wikipedia.org/wiki/mammal"}, {"status": "finished", "dist": 2, "id": "http://en.wikipedia.org/wiki/eutheria"}, {"status": "finished", "dist": 2, "id": "http://en.wikipedia.org/wiki/breastfeeding"}, {"status": "finished", "dist": 2, "id": "http://en.wikipedia.org/wiki/zagros"}, {"id": "http://en.wikipedia.org/wiki/alkali"}, {"status": "finished", "dist": 2, "id": "http://en.wikipedia.org/wiki/neolithic"}, {"id": "http://en.wikipedia.org/wiki/bovinae"}, {"status": "finished", "dist": 2, "id": "http://en.wikipedia.org/wiki/trinomen"}, {"status": "finished", "dist": 2, "id": "http://en.wikipedia.org/wiki/micelle"}], "links": [{"source": 0, "type": "finished", "target": 31}, {"source": 1, "type": "fib", "target": 68}, {"source": 2, "type": "fib", "target": 45}, {"source": 2, "type": "dij", "target": 57}, {"source": 3, "type": "fib", "target": 45}, {"source": 3, "type": "fib", "target": 57}, {"source": 4, "type": "finished", "target": 31}, {"source": 5, "type": "finished", "target": 31}, {"source": 6, "type": "finished", "target": 31}, {"source": 7, "type": "fib", "target": 68}, {"source": 8, "type": "fib", "target": 68}, {"source": 9, "type": "finished", "target": 31}, {"source": 10, "type": "fib", "target": 57}, {"source": 11, "type": "fib", "target": 68}, {"source": 12, "type": "finished", "target": 31}, {"source": 13, "type": "finished", "target": 31}, {"source": 14, "type": "fib", "target": 68}, {"source": 15, "type": "finished", "target": 57}, {"source": 16, "type": "fib", "target": 68}, {"source": 17, "type": "fib", "target": 68}, {"source": 18, "type": "finished", "target": 68}, {"source": 19, "type": "finished", "target": 45}, {"source": 20, "type": "finished", "target": 31}, {"source": 21, "type": "fib", "target": 45}, {"source": 21, "type": "finished", "target": 57}, {"source": 22, "type": "fib", "target": 45}, {"source": 23, "type": "finished", "target": 57}, {"source": 24, "type": "finished", "target": 45}, {"source": 24, "type": "finished", "target": 68}, {"source": 24, "type": "finished", "target": 69}, {"source": 24, "type": "finished", "target": 27}, {"source": 24, "type": "finished", "target": 50}, {"source": 24, "type": "finished", "target": 31}, {"source": 24, "type": "finished", "target": 72}, {"source": 24, "type": "finished", "target": 33}, {"source": 24, "type": "dij", "target": 57}, {"source": 24, "type": "finished", "target": 60}, {"source": 24, "type": "finished", "target": 64}, {"source": 25, "type": "finished", "target": 31}, {"source": 26, "type": "finished", "target": 31}, {"source": 28, "type": "finished", "target": 68}, {"source": 29, "type": "finished", "target": 57}, {"source": 30, "type": "finished", "target": 31}, {"source": 31, "type": "finished", "target": 36}, {"source": 31, "type": "fib", "target": 45}, {"source": 31, "type": "finished", "target": 47}, {"source": 31, "type": "finished", "target": 48}, {"source": 31, "type": "finished", "target": 51}, {"source": 31, "type": "fib", "target": 57}, {"source": 31, "type": "finished", "target": 62}, {"source": 31, "type": "fib", "target": 64}, {"source": 31, "type": "fib", "target": 68}, {"source": 31, "type": "finished", "target": 70}, {"source": 31, "type": "fib", "target": 75}, {"source": 31, "type": "finished", "target": 77}, {"source": 32, "type": "finished", "target": 45}, {"source": 34, "type": "finished", "target": 45}, {"source": 35, "type": "fib", "target": 68}, {"source": 37, "type": "fib", "target": 45}, {"source": 37, "type": "fib", "target": 68}, {"source": 38, "type": "finished", "target": 57}, {"source": 39, "type": "finished", "target": 45}, {"source": 40, "type": "fib", "target": 68}, {"source": 41, "type": "fib", "target": 68}, {"source": 42, "type": "finished", "target": 45}, {"source": 43, "type": "finished", "target": 68}, {"source": 44, "type": "finished", "target": 45}, {"source": 45, "type": "finished", "target": 49}, {"source": 45, "type": "finished", "target": 58}, {"source": 45, "type": "finished", "target": 63}, {"source": 45, "type": "finished", "target": 71}, {"source": 45, "type": "finished", "target": 74}, {"source": 45, "type": "fib", "target": 75}, {"source": 45, "type": "finished", "target": 78}, {"source": 45, "type": "finished", "target": 80}, {"source": 45, "type": "fib", "target": 82}, {"source": 46, "type": "finished", "target": 57}, {"source": 52, "type": "fib", "target": 57}, {"source": 53, "type": "finished", "target": 57}, {"source": 54, "type": "fib", "target": 68}, {"source": 55, "type": "finished", "target": 57}, {"source": 56, "type": "finished", "target": 57}, {"source": 57, "type": "finished", "target": 66}, {"source": 57, "type": "finished", "target": 59}, {"source": 57, "type": "finished", "target": 76}, {"source": 57, "type": "finished", "target": 73}, {"source": 57, "type": "finished", "target": 75}, {"source": 57, "type": "fib", "target": 81}, {"source": 57, "type": "finished", "target": 82}, {"source": 61, "type": "fib", "target": 68}, {"source": 65, "type": "fib", "target": 68}, {"source": 67, "type": "fib", "target": 68}, {"source": 68, "type": "finished", "target": 83}, {"source": 68, "type": "fib", "target": 79}], "multigraph": false}